user557605,BP!DYQ4Fw
user144810,uBOv+!Ody6o@
user818741,YBp!3%^yQk4
user31620,PgNHD!Tk4Zu
user1756,QP99&XOs6
user809782,p4x8M_phc#m5_
user505653,w1nT4aMhe2b+0G
user842689,KTi%sXGw0Qu
user225257,sWY#)*LwP
user994452,xY*_b%%NT8Xho9A
user957103,eT4#ZB)t
user240317,u8KxrqR&5D
user54319,wNyGcGA5M0
user796636,7eJaQ0y7YF0
user158632,dVt^AOiczMs9v
user914154,a!7rvW06J4Td
user627234,sRKl@ENuf9m*VvU
user101713,uZ$dGXFcp
user66614,JGRXw@_S
user778682,blZWMna&u
user632353,tjdp#w)E8Os
user166227,s^*syEKjpcuVQ
user86035,n*Jz&*lk
user557325,ubm*kyxAJ#hv
user811431,byHc3CA3
user85494,655K9maO+r
user930902,mGfRhb^niA5vR
user490622,iCx2MDmv
user902410,J%_P_8bCRBDu+
user142411,6nQV(9mT
user382814,3DkGH+J4
user703203,mirs(Qkj@P
user995388,plpSh6VY3A##
user848563,xm17XHS)nq
user178134,I_TDg#sY**P
user170913,8KvW&gOz
user685776,4j(WxB*kte
user839349,C(iLXNi*
user184548,^p@GKx79cP
user97356,mg6*Zo7O!C*0
user755834,Qt(N6EumGR
user581135,fx+vvriTxZprcSE
user852722,G9puv7bA+Ewt$#
user362820,3qQWQ7jF9
user972079,EDDvBC!LiceLQH
user779116,5z)eQz*JEe
user623403,QYLHgmtm8cyufv0
user527859,_F05m_TE
user562328,!_j(Y5*pv^T8Qk
user57617,0T$m&CDNo
user997324,fsBVqp4J
user876621,ah%52UO3F
user138255,U4NHspg5QpTwLo
user181032,p!F^krH#b)&
user29420,ulwZgd4C&F5
user479972,hIM_Dg$C
user184850,BN*VZK(LQ7*tfe@
user74806,ncP!_9VD
user158973,tc*SPuK^%gA
user979236,bw$Y^7bKt7!8!&2
user799959,A0UA20rIU8hgl0
user322971,B%CTcZ9GfSfu&Hv
user279739,!1bbM@l^da2
user165083,KswtxUX(^kQe
user26009,5aju+VqQjcV4^i
user93902,^7OvIPdd
user91135,O_IoZV+vY^0&w14
user258478,l5&dtc$D5u
user213515,nWcVy#*kD3N#+nh
user945960,pq_^lf5eiWoLR
user972815,(f_KudAda%bzN
user478053,1s+Kk5xB@xs
user597711,rPO%*4+hL
user156830,K%z0lxl(Ciy
user890557,Pf#UM^Y9k24n
user121802,3lQVARJ*gtu5
user767340,_96aa%wt
user411192,Nk(C*ez#VfEKx
user682532,_mWAT(w3Sv5
user495436,^90H%hetRM
user894355,%1Jix(#^UWt
user268728,2q4WNVNMlRi
user311675,Hp83YeomWjOg
user663518,Y6dd()ChuFYrk(
user353125,a&hsaUF9CcFxF
user268549,V%gws!y&(sh5tq
user357120,ZOVcr2pqX
user337862,7B@cg%BwNs
user650836,M#eYhbesry%eJ
user614521,56AcycCZh
user500028,7Xfph3XPe*yjZb
user272207,y#VVhfYc2Na
user822032,G$l2dsw#x
user634435,hP+en%lnM+O7#U
user28531,XK(+zECF6
user763991,usdV!PAV
user224424,%EINn2jlF50vy
user618499,2pzbEUXglw^xl
user194957,PQ@J(bv4q3^PI
user931306,6&uV+v_r
user969120,8EeD$vE*fsq)
user363373,8z8)Vcx(fqJV+
user863126,pMAKbtrnR3V)D
user757965,HO*UvVQxbY
user766539,wN1+AZxat_lM(
user177852,6!3cbfmS
user989516,m7au424Kf!e+R
user475445,7%Dw1fUr9dada2
user578047,3&+Uio8eSF
user316903,#T2W3x&Dm&0(t&9
user850705,ly387eJx%a2x
user679143,U2%h&a@(NK0u3Z
user132970,0s@bn8_3
user646771,cnulbib*exbt)HO
user707951,v4zUR)!C
user923460,8zLW*UlEhgg
user739947,JbvEtUO)QZ9t
user747277,CMxZLPFB1cCzCS
user453015,P@bWms*b^j
user546684,F#bQyc#HDd
user495488,Q6xC1MADn
user10265,+%!zUqc+8s4N7
user718184,ugb3h7sD
user176652,@P7!i(1M59
user604825,%Qt!3FbgF
user283518,F@9P25via7
user913294,#ul@E4x0hpjh)av
user719220,k1(cPLk*
user761971,jUrY5*EFPEtR
user103962,w7nYl@J_97_#n
user352936,_@ameKW#qmXb
user808080,iJ)15N)CF(rJNd
user581224,u&&zc1DMl
user424232,451bwh8_Pb
user395671,Z#JmbSekl_v
user239283,jvT7IhX6Z!ot
user77996,t1yQh^R(
user122825,tx6P4jQHxb%6
user907295,uzrmmzl_wA2!
user10090,w99k60$3#wEb
user631918,LW3Rw_LpI6NtkMf
user173210,B430vvi_
user105608,sc!zfI10rDnP
user513911,^msxa)Rk6@GJ
user489012,WDFH6o+QYEo
user743093,4y^Pz8fU
user667885,fI*QTFk+t(66Iz
user254202,+QWVE$_uFTd
user524904,L_!AP%v+CzIkx5
user482133,vwYxX9rNlyRuoeN
user69059,n#E)eUynC%R
user361075,IQKejBMf9#^G
user25679,3tT2PFqloge^
user222720,jNHMjrkIcs
user975073,kHL724(p(x
user257893,JFFJ4JR9KP
user194448,EpMgM3@c
user61240,U4LyUEJjJiy0ZOu
user241560,T#!2KuRrcbx@#+
user122482,w1ClebiBVmNkryU
user381669,DQgo(aM5fL
user512549,FUwm4#2J!r8i
user461015,i)gzH+u)LksoKF6
user152651,17iDwz3pI#WyU
user828342,dh1+#(H%ck
user454970,X*ttmiT4S++7&
user372206,hFK$xd1btxm5
user595953,hi_kp&DYW@QKofH
user424084,qt(hie0t
user193380,KQuvB9tz
user267285,Lw3a@0b8Es(^8
user998668,1+W8ekr7o*%n@F
user294337,GFCz+o@%
user62795,a(jHcK9Z^
user518118,iaJ_qsHF
user994628,E*3kd3$+8R96M^0
user335586,HehEUt&HTCJS#@U
user267468,)XRN*8)(OG
user274299,bwcs0QH(675vV
user433580,i$_vypMf*Bfylgu
user410888,YkgmklJEYZjZ
user198248,T5_%E5@b
user241026,v4FTmzTO
user757875,IN^Jy@bI
user212399,DWr71I2owC#
user999668,2_F@zC)#uEE#Wwg
user865432,vbA6gP_R^J9x
user123063,glLL(hQy#2+Zd
user318711,lXyxdy5%
user686282,U(W$UDPYpuWjdEZ
user656105,2(uflQG3@x$R
user559661,v35RgCcp1lvj4*
user438344,eCGuaj#V5Zos
user437329,45$_aVgVd
user433576,NNhkBzMa
user786547,&2fv0OX0
user889252,ke(Z99J@h%bu7#s
user592255,)f!N5%Bo
user37648,if(c0buMy
user214339,MmVn)Kf57X$!B
user993555,9wq8PgE5N7
user643305,l&oeeQxApcg_*
user795630,zEZe+a_mO6)
user850272,v#k^OlzR7n
user736465,V6xPmGp2Prqcy
user683028,dCa)JBfiYp47@
user501641,nbo*3aK^FZ
user324073,)z*gLO1X3ltrc
user791397,DD*RM*hM@
user268420,PZTcnB@SVo8HaF7
user352704,TYjU@n*O
user862450,3KknZOoBoVUq8sO
user475782,yWtLxmQM_
user803747,8tW(Zc0#ORhcTE
user268595,&VMSfp1pzUaSUs
user260468,^AS)0f*P
user883572,76BLZOEnT
user639882,BTejySJ!nqbh
user250869,3#4htCiR
user713205,rHK3*LpVTkupXEb
user640301,D+O^ZpwbjFM5#%
user689656,U$23$ndS2^wbF9+
user165658,%1^G^^yi!v8uyH
user830740,V3l!%zEWuI
user294153,)$i&xGhIwlRByg
user844198,Y+c18B*Nn
user71613,8Cu#0u+HTM
user561917,X5ucBwh5If$O*rc
user178518,PqNcgz@Ee8&juWk
user501519,GIEfzqYtUHXsQ
user259842,KZ8$5JtC4M
user19200,FZS#E1^54z
user519572,ZvyWBL2PapG9e7
user14921,kiF32SPfqe
user351255,Sa^59lP&4)Sz
user925061,Z1iF8dAD6GXjO9
user527238,63__A%yFE
user628852,luQsy0xd
user738291,vOQxt@RL%9ZyT3A
user168637,IH$j*yU@9rlP9rM
user899837,I&q&2fGi
user827443,q#3O0NznlWAR&Rb
user571991,Tafa7j!^
user884158,^WJwtLZN1WNg
user762090,n1xYxj%3rfk4
user371842,iX1YoqbZ9vaQ*
user801756,Hkau1($JV%36bu
user896409,mM6K_SUgUY)m
user47716,gTM3&kT^m
user790932,6lIAQCxPjhbF_DG
user801115,3oPuTsjecopdQsA
user680535,j+RyZB&I86
user317527,2iqKG#X%*aT1p_V
user953044,PpaC&1ihG
user13588,bQXQnk#Mo7
user209253,!O1B#0OMqGF
user612446,bWc65xU^b
user824641,#m8na6IO2eN^P
user774402,%)g_3FCWC
user102449,KZeuCh#vPxrA9gw
user949984,*cRXBzZ2%(XyI4
user570359,x7fFtADHtTzw
user798401,(4OiGQlRC6!qM
user701524,$qvMdw0&nnh!jD
user504525,Qbr0HeVYF83EPQD
user615619,zET8MXtQh
user452420,!fwN69s)EYQ5*M&
user666148,LnUkCL1wzoUh^A
user432867,oJYr_&gD#3xfri
user55900,_laa(zw7R^g*
user597688,EHD0zku%aOiuCgZ
user41151,DW#SW#Yjz
user288886,7%4b&7FZa4P0
user700533,xkVZ6SvYaw1l
user872270,9R!U0jxITQ
user381067,du*r%KnVkWBv
user720697,9lVX41pZWI5A$
user725031,5j@xn3VlvXtz!
user806460,&W$r^QM)t
user797871,VcN_CYi2i0
user941303,9)nGCPO1E8iAVyC
user120038,X)$4jZ8%8)!p
user914565,bQjvic7Dt
user769830,R3$Bhs%!^SW5X
user917247,ALbZYZ*9h#
user987344,nDi(83pamrtcr
user210095,)GJ)_w*%Z^Dm)5%
user149678,rOS&_Kk6YQ^+*
user149725,vt(wPONt
user376079,*Ze!w7vD)C
user28672,pW4_4fLTo
user122273,*RKFO)(4^8x$2^n
user585638,shLWrCh4j&%4T
user673522,O3YfGuxw6JxQ
user403240,F5+3eZ5stT)iQ
user26832,XTkJ$h2B%D+ufRw
user736317,!&CZUSLsZb+
user821229,yMt4KGvYzpQ
user769426,AOTF44B#rjzF_
user535898,qIaYmV1xRTuPnE
user966878,778wRy7G6Oe_
user182572,tE6MCD2b&w
user275156,sqh!U0@Dq
user301292,Qw@s22BtGWz9#
user313666,&!1N(udO
user694100,6KomHNf2VR!CNMg
user239784,F#iNEKu@g$DJQ
user184804,1B5Kq4_^Gm
user102157,%a)Q2a*c
user624510,agU+##aWi7
user174854,RK5gYC+8WWvb
user499357,D+kocgXk!o
user910827,vNfKa9!#xlc$I
user63988,vmDiQLB%6^gnS
user129606,^p4yhK)6TdOFI
user891948,V*QXVM)F7
user550311,YowC*arb_ToE
user65419,Nx(EBTqL1pbvPTm
user987496,B7KY)Wgot_A
user409720,U%7w4MUzF%vG8PQ
user977328,8P7rJM6F56^WsJB
user652441,$#zL_BUqPDeZrKF
user661392,swDM!DlRqj$V(
user742563,gOIHsS%POJau
user570536,cklPeIPih@(oR
user561808,v)woUcfuN
user838254,wbdP%^eb0Gn58E
user342651,@MdpbWu4Aw69Lp
user695615,CMC0L#P9mo$Ia
user99869,+inud!6E
user45678,k93emgqQx)F08d
user260405,9QasbXcgqSKVj$R
user598651,5jz285KiKTAEn^c
user973099,s#SEPE_6R
user80403,iWzn7vQdz
user124555,!Mb#2!O%
user337200,kXxfO*tJjdC+i
user417534,mrS#uwXM#hs
user717922,yjc+Vx*U!
user605294,uotrZL3dkE)S
user60267,qVOl%W3tC5H41Cj
user950218,&N8FVO@0NsKgdHO
user473252,bLVM#VU+Lf6
user751100,1Tif#y@Go
user859851,C^U(gl&goP+8A
user464451,vGoTl43*
user672514,8vtbJ*h)Sx702FB
user681924,3R1K70y4Rk31&(
user666655,id%5yEj%qSK&9Q
user765185,S%q2%rROFu)r9
user799360,CH_hSwNHX2
user430467,wBl7tbQLcj9#
user173244,7py$aG9g(1(a
user49047,T0)f4^G*itWz4
user248266,47Xf+q*um6
user40709,njB!#__8n6
user35504,M9c1%T4k
user743492,I_4s*EvG%q4
user944768,_Vh_s1ES5qkAI8)
user675403,0A4ipZf9@2
user705307,UyxKaJL0KXtXLhU
user321487,fnC6i9^H@LhR!v
user182621,c0*_5trrcT*
user294937,X7MInFYFs
user132112,(Y!cCq(ZrKKH^*0
user70842,dckV6XNOPD
user95093,jDDN$@Z+z*I
user300922,6KYaZj2R
user478952,uQInLa*%E^(8u
user28120,F5b5%fx_
user54134,FXEmw2rDJ4
user432663,pXKeyBGcv9OYby
user835304,9g7F&ayB0
user511715,5du+a_Jl@1(_Ysm
user394466,uWojcv^MOS
user310609,cL#f7n2KjW@gO
user77312,xO%lp(%P0
user415677,bA$442RIFxpZ!y
user589707,4@YxW5La3x)EX
user63274,R1SBW9cwy
user2162,Ds7wsgapu)D%8u
user568684,dsn^eNcsFI#+
user621033,uZxTGQTll_!I&$2
user200617,Jg&uGNFKvtmYb
user580721,UtceEaO9iYkN
user221964,XfJ5Zvy5OWpW
user13853,l(agbs9a4j%I1(
user694323,3FxlZ%m%Ti
user7800,lcxaIwL2K#+NQYg
user161344,VucLoFBr%
user450530,bKn#LxVOQ3jr!!e
user720713,i&$BP!!%rUcq1f
user800703,It5WU&knnDU
user29469,Tp^XaK!CA
user87098,EMSBW1cQ7WYW^v
user579456,mjrB6G$&wP@Nam1
user643754,TaGs1OgRm
user20774,05KBu*iCck)
user759751,YslcKZU)fwPhAMi
user916797,)eh4#6Y)SYkGdTa
user369635,@P$U*YDYF#Hd
user698147,^s5r6M!zH
user40959,5zVK$Qpia$u(Kl
user178070,#STqVsXKjbuzKGl
user518555,yj5ErSrbnT_63zM
user645535,BXbmG@pGUWN7
user855269,NRgUMhB7#w*B!
user225410,_d!JWY!pEEH
user692854,dku9Bc2!
user785478,j@xieIm7UxOi
user373305,sO_G6BGEwA9RFx
user450313,b6c5Kw8aMb%
user651008,ZP9VQVKc2rQ
user370834,xN_)zu4qH4!S
user942675,AHcK_DZAzuqRs1i
user960053,7q@EIMx+
user705366,OLwfczW^_PhH+m
user256724,s&R9bOpmBX
user998649,%gps(qEG1Iu(
user20262,nj5nphaCHly
user700777,RaJlF3P&y
user761957,l^RMnKV!Tk
user283214,iaWiz$1uuF(
user295500,l%eA6VwND9IM
user179728,76vIA(hEW9H7n2m
user316039,G@^Hkc2shh^
user191039,J%LlyN+o&
user811544,XbrLc5ZLq0
user777340,W*%qNCfJfW
user110794,sk5g6hx0%rsOY_R
user163633,^^5GSX9Hl#DSWo
user752389,YufUAj476y84e
user901320,E6cSY(tNHs6vS&
user924512,sD7CVi8mPo3VU
user865642,PyVR#U&@^mN3W%
user24280,Lebpbe%31^y
user214157,VAoEI&L1rpS5oq^
user182601,CWxz1mZAie_Ol
user812943,OwF0MJ8b
user860290,P5UOI2(VQv_a_a
user135786,__wFRGYx
user512325,Zw0WdY9D
user373469,SYPmfWdrl
user689185,4D2M5ea2nW
user614770,w*QVbjr(!10
user586010,_eU3%rStW
user953293,&fodUQ1D_Kn
user801651,!0^*cSo7!
user484645,y27$(Muum%yJaw^
user519138,uPir%zN1
user318247,RWDGdxaN0b
user459527,)o!b2Jz$#3
user713496,j5_10#8L0otYQgW
user678635,kEtH(tEBV
user822020,^@mK!H_tNzsyT
user583879,jOB0XrTpH!
user525074,G6)$WcShqsYhTy
user602709,itvArXvpKB
user165027,aQ5zXEn)Ef_hfW
user641682,0FNE^5dzeu
user938859,53+2aAY#oxE
user687597,m&F*gcxsQ&$Np)
user372461,9I_J@13RQTn
user922331,p1B1gk$XN5
user54259,wVex15WO0hozq
user203550,2+zh9FosU6
user876629,$3MrjhOYJ8V%5
user774389,ZKUOB!@aC6
user69655,ClavYTl7
user842978,*@rrK+Aj_CQSM
user203241,wy9GzAjJZh50XH1
user865534,&lAKUWtk!
user618734,*u349$izbg%#L
user175506,*FfELNz1
user439042,Rok07oZ3S3Jlc
user542322,QbUs8xnBFAB(IU^
user645922,%^bOpF(^f*nso
user682884,jn%QbIi6rC
user865728,d^B(Crzc
user527334,LEquKhV__
user267155,_Mf1_&eH5sz&jM
user895739,0x#$bMzo8d_VL6
user803510,!e_g$oDyK@Be6w
user340219,uFPe2m#7
user863868,q_YXR8yKuFEr#
user421167,$h69hiBUQ
user153663,UczMC@Rv
user745303,E&70Ss@$3eq
user155066,WiWgjHqyRftn^4
user89770,IE)^P)tMiA
user584335,)09@ZQ8VO
user141988,+(f!l76&m0JQ
user675563,Yza+7CE*Fu55jD
user569014,eBW9VdmP1GZ
user43505,m1a)O98KKkQ8
user914478,R9HqhCG!Xs@Z)xq
user68976,)TvHyS5R4*(
user759349,c$F_ao9z
user931485,FO1cJfQHXh9rQ
user853922,7$5*MJ8^U(YGhPg
user930523,D5OL1n6^9v9%Y$
user776655,%9QJw_oac
user685385,xYcrCWk7
user744970,e$CtolFGaC2
user571920,Zp&Csd0cG9Aq#
user803917,mdNhojljly
user650649,QwTQziVMg9
user236399,)ttckq)nP
user503446,J+A+pEZb
user767018,+^KGhJccl
user843370,KSw^BaUlKn@
user278289,CgeLc_5VY@
user697198,p!8yTE_W36Ep
user169149,UJ@OxY^ABZsUMk
user462952,U357Z6q0Va4I(
user499605,GPfAGK#D
user731270,MvX^wuNKn*PdK
user876255,51wlhqBNR#Y9
user901708,Gd$*HeBMkB5
user703815,PJm%LemSh&jbxB*
user121514,q@dpuzX&#w(xE(!
user243571,lba#WYQJvh3tU8
user492641,AR01u6JC_%y0iQ
user208067,AYI#2gSHEeSN&ei
user479426,$@5tnV_!
user355594,)LdbZmG0ce@Ezf
user164824,zyTis7)0dC(&A&O
user456328,ypZeXODt!VX*
user138792,1&tgj+W^fEtwBq*
user984574,ECXAUs3pD
user656930,%)H$&5AX9#AZaKN
user268059,ROx1eYblW
user884396,B_gVXpyrn$mBG
user869578,+KMTGs_P8DqB#l*
user177813,4PWwNbb1YTE
user532616,Msa+#aG@RqML
user519667,byVFKhDTgOW7_+
user166101,go#cYEzCji$O
user757666,RRPe^YvZk
user594848,ja7i#yjIl
user419359,uXNud#SMFE&*_
user173431,MGCHaigo
user336744,rLNS6xi(CV&p$Zh
user385023,r)IzET(uCp4AP!
user684780,d7@21EMD(qO!gW3
user958788,jM3%3zLce
user745020,__MEh0bo$o
user194755,zLwb4_Pp#eO0I
user963193,K9Ay_1^nvtROS
user347930,AxyUg(ImExdRHn
user210630,YROE43hAiQpC)7
user947725,HRQD%z4Mp%Z31)4
user514834,xoV0OOFq6KnS
user15929,Ic+uo0ZxK!MPBI
user503153,r2ryi)A$63+8K
user761710,s#o6@*Ndf+b()T2
user869777,HsNtuBidcH27
user567860,*yXf7Qzd
user449211,12A4_HTV&
user383183,azEwp9q7JiTh
user972703,Yi0MNGB3O(S)
user793710,M(a1J(4yS$l9v
user120185,P3b@eW)LPxD
user125810,&!Aik&CpZ
user877773,fqu^ecRliFie#
user262450,*V)#Wbw(40Wy
user95216,$cGo1jKd_O7OMV@
user283995,0l_BM6!T3iF4
user574437,xLtD(J5usexhu
user81588,2eU77T9$&
user791487,Ti9P3a1UF+!&Q
user838487,JDT&FEC%f3V
user55744,&pVkxST0Hz*xc
user44229,wVDoaq9)Aud0
user476320,x2wviYiM+(G
user896407,HrSCWoHbg
user387877,XY*DnDKIoIe_TGI
user280591,nY!sK@oy#9
user8895,mrtd_q0^$V
user790343,836vvK&wEo
user733164,kOP6+_$!JF
user725461,kIn+a0ITh*vS
user50298,#M4g7kao)QPNBg
user231415,hWMsP7XZ_zZ
user967170,$!n28sipD
user911300,oaD%!PHrE@m
user822083,BzW2YuuH4L4y^
user664673,6FxPe^oFc
user654935,lIp*7NSYuKU
user430836,wD7xhI!ZR*tJG
user717051,&^6VW0_fEO
user701519,hIu7&$ZRL7U
user210787,HE#(U#V#
user401707,N44lz(LafF
user602400,!$zD*_SGFy(i7!K
user825421,2w$OED23n7$
user67270,u78mTv&^zIe
user194471,Hw$mO@MLFWHA
user94846,g!_ugrEc%^CP&1
user168109,ZvSnRvbinegn
user952353,+s5ZArt73Yij
user6411,pva_RJRu
user72144,9Ex)8oRIdW)zJ
user86859,xqc0JjKi8Tw&
user72408,n4k%mDCLjKKS$a
user805550,QgTzXJIPh
user918109,gBxBpyC&aNF3
user101751,^Rj1@Sr06
user684364,vI_ihZBjq)
user48185,TjN68d3Lvp7nYL
user948337,u4UGFV2LsB&5I
user623413,jh$ch9jHps8V
user228145,W9poBgFt7vR
user722087,h5yBmiPGn
user744515,cQAq(%g9h@G
user876641,ttrmIrgCWDqS1
user504864,_@&BkpdYEk
user622828,gz1PJX%Zyeiv
user7562,j#*+K1rnKB4
user707186,DWhZAeyJZxg5DIS
user294851,q89TEjYd
user211907,%P3VP4hS431co
user156170,l^k46del2g%Y
user79873,DET&$YF&V
user760289,EKMVw$co
user243346,gvGW4_Co3zqUeh@
user921785,4gXW(*MoR5kLcMe
user495727,*%eoIMQEaF
user389404,b6pf5n9&+RzR
user806480,x^01&!Y#ReI1b1X
user596674,sdqeNJoWZL
user513268,&MBga)C)TVC
user253085,ARqpw(_)
user500106,L*3d#wrx+Gobc
user605456,^q@LGEjE1&
user702164,tmgu(1)D
user426848,9AvaB(dvx#c
user76110,YXDRzYU)DBq_V6m
user722227,1VwF7vmlu99_
user860257,MNU9NyQY1$
user661637,8JU!V(TXT5Ix
user567512,EB@dPWTJf
user838649,%4bff_HNXsX
user297601,6B%wE8*Y1P6)
user663226,V)!oE#eHSB
user51893,W!rrNckgybk1qa
user583330,nrxmcr^Cb
user39732,pRn&sLaCq@#T&j
user239461,YYE%b*08
user804401,5y!$S0axHe1
user815120,*3st^4up
user438162,Z*Na1rz6
user340420,4d%wg#I9nmn
user174741,gxCzE2ZDW@P6dgA
user692091,+2(scZI(&_%uD
user21266,w)(8g_z1Yy
user594935,vBvG+7i%anTDxyJ
user26894,xIIb1nGrt%Y
user137050,YqilB900Dh
user848735,Gy)5wTK)g0O7ib
user927961,DAhnCNE5R8t
user438952,XhjorqV*SIMN
user588810,U*&SYO1QHZ
user275093,fWAjBL*+
user485912,e$SImal&rVsOue
user382692,WIHdJ@nOobwABz(
user77894,IBVvoFt*RWDQ(
user102554,4e$I%3ep6Qdj*
user590872,iGB!9qQ!uF7b
user118754,T8!@Z0X$kl@0K
user790802,v!19Y^la$&KQ*b
user778910,5TT0DwYZb
user565743,)$NC&9OBN8NuOb
user979837,x_C2q7##IQZr
user409033,nr%qw1Oug
user771572,1tFuyRaQj5T
user40793,O$4P4c^r$g(
user415336,NWHqH(oG
user408885,e8d&vob1
user70724,Ot03wpq@Ef8kcw
user496906,d&fvlQ!hmb0@F+
user399850,GDpcQ)Z*$v
user939285,ZArNcyrVK#Ibno
user178987,Vd)eEwaRA
user119272,d^xnGpS5O0JXw
user414344,eDnbyNIMGF
user806256,4fGeQ2YsW@6PqTb
user432783,Ul5X$CCr
user935698,FYWzJLxvxhF
user850137,^01Xaqu7t_T@
user847024,k!jE_OSJ5zwC
user374429,Gk#atV7XVh5
user655517,b#04tFi&s)m
user77582,HhQOXdxs(wH_+VI
user672234,_B7XJHsFZHf
user335703,mB(Yce&H$z
user623061,r8Hg!zjP@7
user374562,o2U$Z22g+*
user426093,ys@un2rDLwq7
user849101,oJ$1lpW8dnpLra
user58268,zd9qBeknK@oRz
user469376,Ed@*_nRVQN
user965725,vsnKXxkY6+0%
user721330,gX^RCqmG86vrq
user299105,svIn&k+js
user876612,V_M2v_LSS7V#
user142429,Lv02d%fCZT
user618665,UAU7aemex6
user612261,vQ+2bkn(
user799338,Snb2ledYt
user653952,s$nJKn+k
user92904,DMwzOPhS&t*SQ3
user967818,SxWiph)vSG
user807452,BephTyxmYD2
user745885,Dz%o+Do$Wqv
user438436,eIb$dX1n
user6136,vdnV5zteD
user873135,Q#xXK3#%ALB9G
user468601,1TkYDQ*yDx+Wu
user127046,cZSemEZhDNhem
user110805,dOp8hbsDixb*iL
user115205,&Q8+NzLeTzgOK
user941151,%@)z(M)Phi
user207552,*q*9q0^URm
user520099,LOwP97YYNo
user319744,GDmTggxZca
user734420,6qjqV@qrAS
user757932,YNndaI@*z97fv
user754208,wRTrQeAZk
user118233,V8N%c+iKTl656s
user68546,0g#K#b(9QQ
user409637,sb6d%h^a
user150641,i0c24UfS20E6W
user178507,kcc&sir2+5
user521961,Db5kUuYzP$!TA
user368100,u4P^CA0_Ss+FK
user17663,f@)yBCJ)j8Lml_
user256302,yq+Cbt3Y+8
user600808,0L#&Avbudg0ep
user512293,OZ^EU$UBP4^fN
user195285,LeGpyYO5bp
user582168,bP8a&EhSQw%
user421588,qGf0AsX+yhMF
user508632,sioH!$AU*
user475925,0q9$smxHwLIn@O#
user687031,^eLJCCEj$R5Y3s
user688204,LfmXtoA8
user98059,ldDlsc2v
user462194,X8)z4XciEM9VY
user992348,BOO1to@cv_4WYU
user439672,iq)RFGRbFA)Ndz
user199946,N_E%7J0(f
user757062,whXJmq2fxY1IqQA
user902099,QU6Tq6&jp$1
user192893,pS5m7n+9m@k
user715429,gtf+62^!aBEek
user693717,)n%bxPB@@Ni
user698453,QTXocivR64Om
user109157,IlM4vnH9!A8_
user728002,5NI@@TBdMr08(
user172521,1#O%ln5ccwQGv
user870315,xMRDE34RdFE!s
user879655,FGfWLPMUZw9s
user735919,$sfvZpBDN#^&a
user896689,&pGd8$1MjX
user907032,SuwPmN!tAU^1g(0
user669992,v0PmYloIsc
user554598,X(mFRd60pu5eD6c
user457745,rRmcP(XmafQhc
user365319,IZCVRrVsdy2BAe@
user911177,Qg!3JD+aQd6
user312307,CT1FzLXp09B
user521445,X*6W59UJL)V%R&A
user354133,kBVhYr*)A
user999061,^4HfHO14aebr!Q
user29814,q7zIe4dLl)1W
user385476,B&$c(EN3%ST9fu6
user281006,%HM&DdXw6deXL
user18535,Vl)IWVG9xW
user373929,2b(fVLbKXD
user67785,KKskG(leM
user801884,A4Pz&7$y
user538460,IvOt8p5fyseC%W
user984703,jbKnl#)RF
user561078,CjO_Jb9_fF
user995906,x6D5JJ3ra3+_O
user721682,JwPw2NMeshm!
user724508,2WR5WZX*2
user952561,JG%^xp%$rPm8
user971776,afVxS9_dc+$Ac
user573267,P9EiVbGh
user21072,+J4lfMp6xrk8Q
user729531,6jxGQWZ+nsxq
user723296,O^nls#Mp$Yw
user711038,U$#5#qkFjQG(
user527150,7YPA(q6K
user553860,VqzNFQl4Zm##s^+
user342316,5m^$ni1L
user365447,jF%#if9b*m75)
user479766,TKv7TMnoZXeW%si
user4608,y$Ncw)aAgCY
user526870,fBPMo*C5b
user645828,Tn&JLfx1hy80q
user359061,46m_ebBF
user408416,+3JROHxo0KeD+te
user198692,+QOTb0+9s
user959204,%&!EweRbWGO
user350074,)ZMGUvy8X^
user169327,kAmVo)l9Y3jB
user253324,wI3%3$f4rCkxqA
user615829,I9iE$H@9wH@)Y
user828398,2xo9HHMmw
user115564,D00IjgxLnD2buT
user175419,MGDex%)S$
user969881,2#AWhgnx
user45823,ax#h)Vv*S
user258245,U18#CfuZds_2rF
user787577,&OOOdjbs!nX3i
user138512,X27amEl74X
user904224,cr+^i#mZM41*
user395923,&Y5s#Q+21
user697991,PdD3UGSrG
user276730,)auK8vwL7
user936960,gM4Be8C*u!1nnXV
user791825,*C_q$C808%UYWbG
user83272,V#R!ZGU*2v
user567364,TkX&Nc*PhyQ9Y
user136703,Ao(ONZ*+0
user834137,%_1z%jSxMHJt
user185079,KJ8imljP@ZW_!NK
user276724,P%6mLbKfmjR2
user913852,1YDrN85Zt7F00
user62752,b(SL)8acP$rA
user945894,3SYXfNKeF
user573155,RO^JIvY2DE
user320277,TjMRN75m
user329723,%GQ8zUn22yf
user863987,5A5F&kXTFwA3
user775995,myJWSk@M
user698674,GtDp*UwnDQ
user674486,sQh+dNYy
user126332,I!D3QY!mVnwum
user872597,TR7YiQU2C2
user658663,NbMVqgLmy@K
user727283,$!E^wfWuWwUPAKa
user589849,ir4Qh*xMhMxtlv_
user235352,K^@(oqcN*_zQVt
user130429,wB9qpHWY(X
user855029,*scgz8(e
user55105,pLLQg&$%RH6I^%6
user702497,Adwch)3YE#vFf8
user334616,qcKU7c_pB(Q
user185347,Zzk_vb%lq)0
user75780,iLkh4J7jHTz81Il
user575276,3j67zc(r*VduO
user225139,dd!amFWX5fJ^
user459378,av#03pCkE
user603286,6gl(OK!leX
user919431,AvtbO1B6kpOhSdr
user171251,q_R$pst#q4@Vd
user693373,Zy^ry93IeqbLMC
user441219,Y26VGTOIHl4i#
user608967,&g5)TiNuJ
user876423,ixhmAeb7LPwd#
user579040,B%)rEdxR7(DcM
user692174,K7N^vZ8dHp
user986821,ACY$nfX&mIkNA
user129569,w%n!#Agt$OVU
user932454,myvTosTYg
user755268,doluQQ%7iQY)S
user939652,6wC^fY)ZhrWPbA
user453260,ao4_((cGQ@91
user392864,$#NzR$(#c9*KpI
user564889,+wSsOxoFfszM
user704483,HcnE!LgDqK&M%
user92880,O9^I*InI
user833656,LZQL6e*+
user27679,xR4Ug1wIIWS1f
user323673,f@i)jqU+o&fooI
user222415,zjUX067qg5wr
user555451,txoV!T&P8^!V5
user637914,I9M@h5gMLUX6
user776403,qPYVzRc2
user109587,)BHu*SDAl8
user195239,YkHottuEt
user325146,GE+0sbBb4P)H94
user834461,956T1xHJQQaw
user33873,o0RJR6me
user180878,MIURWH80A%#
user756648,)FkT^l_Yd#u
user875253,h^tYe_1mT2S*uaB
user884627,XzLM(z+EO
user167705,^)8%c3R+vyAWSc5
user793928,&4PvzCdq7v2x
user192269,P!pWl%q0KW
user702190,egN8Up)@WC
user815166,tOe)PEfaFRLF2R
user587947,nB&WoG^JIN+C9
user953862,WB^$GVAs
user527624,wrwGK#Tu
user711442,u&XdimSE_hP&y6m
user134496,oWQwFEbBGwzZn
user886085,K%Hk^KQ_4_EIwZp
user689825,!we9TV2f
user660253,oL7CKoPG_N
user287631,Yk94Vx!jC+yAkh
user284970,WOaEggjPW_$b
user958867,1@pN6%r^uoap5
user343073,Whog)GKQs
user429065,KrFDl5x27@@F
user838497,UWI@05OM(MBgH_
user190171,0K0JaJ#KAz5RUx
user567760,(MC)6!3S
user391207,2DV4*HB2u4Y
user83830,ZD9zbpjHagx6s
user557580,+xmZO8uB4
user862442,csl1tVS@6sYv!
user809208,h9S6P0iH@nG9G
user969871,!JBEiMvX_7If
user372933,Vgkue)5Of
user596420,)CpRv!3vR506w
user664443,U@L)P2^+Jy@l
user452557,Hjs)w%J^glbA0k
user752557,7KY*hmhq!dU%
user512246,7W1sP1Wx
user122659,YRrPnsMCp!8dAd7
user211396,^f8VL%d2!%Se
user338186,_Y@80te8CQ77AHi
user988645,v*9+RN46b&yo4(3
user835446,a*h%wqCG
user587600,xtIUTz#3sR
user856583,c&!$C%(NGZAh%K*
user220917,!CzwZoHh1Q
user368034,qJeJxcOj(
user1171,RimBXFQC9zz
user912840,ciOe_uU8$r%yuq
user760860,Br)LO89I69ph
user117637,fI)tWsEjH81V
user321782,oq^oaTKW89#ep
user675377,lvkGDHicT
user766424,)EOWN29nR*
user799647,o!)!9F_m^6D)Iw2
user69291,w#Xdu7zuyBAcUE
user982654,O96$oBoULawkktf
user901843,OPZhR6#GSKgU%
user213181,ZkC$YNeA6@J3*Q
user427702,xweC@RE)KI4
user323381,5%N@wcYF@
user490637,qfEXD$)vFQSwo
user513037,pFdtUUvydpY5^N
user209039,#(G^#PQ8
user239000,uv#m7*Y7NFu3K
user967625,yvSor*Md4D+kR
user737403,UDR+Ib*HA
user464230,4#iQuAE_v
user558932,rT*RgkQ7PvdoB
user601379,j5#K0LqET*7u
user331623,@_5)zV*TPa8%^
user365828,8t*sc)76P3q
user171484,35wGJ@xtKOWI^
user475248,gRemdeYigg_P
user192822,ZIRf@Bf8lFjOVA
user51258,LPbe**y3hejnX+
user388922,m#xv%JwhCE
user800127,CMDUElYMq@jn+^!
user834975,2Kw%YH_x
user149411,xzB$6oaB(d
user940805,TbmAaccYuJ_7VPB
user769772,UGZ)WPJl
user259775,hG9b$)kk_bwQ^O
user899720,_^sw0dYn)iogc
user734977,@lM5Eu2gPYGFAR
user446295,8h55I^j0WIX+#xo
user357970,I1_YV#MBh2
user412608,qD_5r7Q1O
user615416,uT0rkE&CI4
user364626,rpYY7tOm
user579939,w$!!D9&i0LJmbL
user720784,vPnE0SR5H
user387624,#4%(0JATB
user176795,JuH@cU@WD7iT!P
user407284,Uw*oN!ZT5!6
user321895,96leaYmntyu@Pmo
user541729,pVGWBS%1tFnDW^e
user827656,cswdL4P#1(
user540163,eh#MM3e8
user455566,RLT$Vbl^#xAtZF
user329484,$eJet5#&6_J#^3q
user551010,6V@SkXCeS8Q$H
user628781,m!Bt9BVoD)n
user786763,mqZ8nnu9_2_IwY
user479545,ZcYeTURg9)pQ$
user536721,OV)#CS9ycCI1v!
user671898,OEk6ec6M^$o@J#H
user998599,4*@cJgxKVj
user100581,kRsPZ44)v5kMt6
user531041,)Sft)nx+V#5)Qov
user627771,47Rni9wACeKVhbn
user370993,Zd^N%V$SS
user747301,I6dKXt#(!u(qluA
